comment,class
"Если я говорю языками человеческими и ангельскими... любовь никогда не перестает — 1-е послание к Коринфянам 13:1—8",0
"Люби Господа — и делай что пожелаешь — Августин Блаженный",0
"Свободная любовь годится только для свободных сердец — Олег Авраменко",0
"Любовь, зависть и езду на верблюде невозможно скрыть — Данута Адамчик",0
"Два человека... обязаны проявлять чувство юмора и терпение — Джозеф Аддисон",0
"Бесконечная любовь — единственная истина — Дэвид Айк",0
"Дар истины — это дар любви — Дэвид Айк",0
"Где любовь, там и человек — Василий Аксёнов",0
"Насколько я люблю распутничать, настолько же не терплю книжные описания — Альфонс Алле",0
"И взглянул Елеазар... любовь смешивалась со слезами — Леонид Андреев",0
"Тот, кто был счастлив в любви, не имеет о ней понятия — Жан Ануй",0
"Любовь не поддаётся логике. Она начинается на биологическом уровне — Левон Аронян",0
"Говорить о любви — это заниматься любовью — Оноре де Бальзак",0
"Три года: страсть — нежность — скука — Фредерик Бегбедер",0
"Сильнее всех влюбляются самые отъявленные циники — Фредерик Бегбедер",0
"Человеческая любовь кончается вместе с жизнью — Анни Безант",0
"Любовь — переход от земного к духовному — Анни Безант",0
"Любовь — интимно-личная сфера жизни, куда общество не смеет вмешиваться — Николай Бердяев",0
"Любовь — универсальная энергия жизни — Николай Бердяев",0
"Любовь? Это обезболивающее — Уильям Берроуз",0
"Любовь — это энергия жизни — Роберт Браунинг",0
"Уничтожьте любовь — и земля станет могилой — Роберт Браунинг",0
"Если бы мы слушались разума, у нас бы не было любви — Рэй Брэдбери",0
"Любовь — смазочное масло жизни — Рэй Брэдбери",0
"Вы сами заслуживаете своей любви и преданности — Будда",0
"Любовь — занятие досужего человека — Эдвард Бульвер-Литтон",0
"Разлука для любви — как ветер для огня — Роже де Бюсси-Рабютен",0
"Любовь — это сила, почти как Бог — Вилле Вало",0
"Любовь — это не утешение, а свет — Симона Вейль",0
"Всё покоряет Любовь — Вергилий",0
"В воздухе носится любовь — Борис Виан",0
"Из всего вечного самый краткий срок у любви — Януш Вишневский",0
"Занимайтесь любовью, когда можете — Курт Воннегут",0
"Ангелы зовут это небесной отрадой, люди — любовью — Генрих Гейне",0
"Любовь к истине помогает её найти — Гельвеций",0
"Да разве любовь имеет что-либо общее с умом — Иоганн Гёте",0
"Любовь идеальна, супружество реально — Иоганн Гёте",0
"Любовь под маской — как огонь под пеплом — Карло Гольдони",0
"Всякая любовь законна, если это любовь — Григорий Горин",0
"Любить значит перестать сравнивать — Бернар Грассе",0
"Любовь выдумали трубадуры — Грэм Грин",0
"Сила любви и смеха побеждает страх — Джон Гудмен",0
"Любовь — спектакль с важными антрактами — Игорь Губерман",0
"Первый признак любви — несмелость и смелость — Виктор Гюго",0
"Любовь разрушает и оживляет — Дельфин",0
"Любовь ежедневно умирает, если не возрождается — Халиль Джебран",0
"Любовь — чистый огонь, который быстро гаснет — Джером Джером",0
"Любовь — это трижды вор — Диоген",0
"Молчаливая любовь красноречива — Альфонс Доде",0
"Свобода и молодость — это любовь — Сергей Довлатов",0
"Противоположность любви — ложь — Сергей Довлатов",0
"Велика радость любви, но и страдание велико — Фёдор Достоевский",0
"Любить красоту легко — Дмитрий Емец",0
"Любовь — это попытка мужчины ограничиться одной женщиной — Поль Жеральди",0
"Любовь заставляет поверить в невозможное — Поль Жеральди",0
"Любовь — форма созерцания — Марсель Жуандо",0
"Бог есть любовь — Библия (1-е послание Иоанна)",0
"Я люблю и любима, но это разные люди — Янина Ипохорская",0
"Любовь — когда всегда хорошая погода — фильм «Казанова»",0
"Три влечения: душа, разум и тело — «Ананга Ранга»",0
"Любовь не выдерживает столкновения с реальностью — Альбер Камю",0
"Хорошо говоришь о любви только когда не чувствуешь её — Альфонс Карр",0
"Любят не потому что лучше, а потому что любят — Владимир Киселёв",0
"Ненависть возбуждает раздоры, любовь покрывает грехи — Притчи Соломона",0
"Когда тебя любят, не сомневаешься ни в чём — Колетт",0
"Любовь у людей пуганая и прячется в сумерках — Сигизмунд Кржижановский",0
"Любовь — как плотина: маленькая щель разрушает всё — Пауло Коэльо",0
"Любовь не мешает судьбе — Пауло Коэльо",0
"Цель человека — осознать любовь — Пауло Коэльо",0
"Любовь не приносит счастья, а приносит смятение — Пауло Коэльо",0
"Любовь — болезнь, но улучшает самочувствие — Кретя Патачкувна",0
"Влюбиться — это как сесть не в тот автобус — Кретя Патачкувна",0
"Вечная любовь длится около шести месяцев — Кретя Патачкувна",0
"Любовь — это отражение себя в другом — Анатолий Кудрявицкий",0
"Разлука для любви — как ветер для огня — Александр Куприн",0
"Любовь — пламенная музыка сердца — Александр Куприн",0
"Любовь — самая мощная энергия мира — Мартин Лютер Кинг",0
"Любовь спасёт наш мир — Мартин Лютер Кинг",0
"Мы должны найти силу любви — Мартин Лютер Кинг",0
"Смерть есть пристанище старости.",1
"Отъехать — это совсем немного умереть. Но умереть — это очень сильно отъехать!",1
"Я не боюсь умереть. Я просто не хочу при этом присутствовать.",1
"…Знаю — умирать не страшно.",1
"Блаженнее всего для человека — умереть счастливым.",1
"Смерть — это зачернённая сторона зеркала, без которой мы бы ничего не увидели.",1
"Смерть — таинственное лекарство против тщеславия.",1
"Не смерть страшна — страшно, что всегда она приходит раньше времени.",1
"Смерть (или память о смерти) наполняет людей возвышенными чувствами и делает жизнь ценной.",1
"Мысль о смерти более жестока, чем сама смерть.",1
"Смерть — это то, что бывает с другими.",1
"Страх смерти хуже, чем сама смерть.",1
"Бездействие — преждевременная смерть.",1
"Смерти можно бояться или не бояться — придет она неизбежно.",1
"Не думаю, что после смерти с человеком что-то происходит…",1
"Когда мы уже больше не можем мечтать, мы умираем.",1
"Всех ожидает одна и та же ночь.",1
"Смерть – это свобода, несовместимая с жизнью.",1
"Смерть – событие, ведь так обычна жизнь вокруг.",1
"Умереть сегодня — страшно, а когда-нибудь — ничего.",1
"Смерть — это тот самый заговор большинства против меньшинства.",1
"Стоит ли торопиться к бессмертию, если оно начинается смертью?",1
"Смерти меньше всего боятся те люди, чья жизнь имеет наибольшую ценность.",1
"Человек может умереть благородной или подлой смертью.",1
"Смерть — величайший математик.",1
"Если мы так мало знаем о жизни, что мы можем знать о смерти?",1
"Как мы можем знать, что такое смерть, когда не знаем, что такое жизнь?",1
"Смерть создаёт предвзятые мнения в пользу умерших.",1
"Жизнь и смерть ходят рядом, но ничего не знают друг о друге.",1
"Говорить о смерти со знанием дела могут только покойники.",1
"Кто умер, но не забыт, тот бессмертен.",1
"Ни на солнце, ни на смерть нельзя смотреть в упор.",1
"Когда начинают бояться смерти, понимают что такое жизнь.",1
"Когда я умер, не было никого, кто бы это опроверг.",1
"Первое условие бессмертия — смерть.",1
"Смерть — это поза умершего человека.",1
"В моей смерти прошу винить мою жизнь.",1
"Только смерть превращает жизнь человека в судьбу.",1
"Смерть — великий миротворец.",1
"Смерть раньше 150 лет — насильственная смерть.",1
"Существует право отнять жизнь, но нет права отнять смерть.",1
"Каждый боится смерти, но никто не боится быть мёртвым.",1
"Перестать действовать — это и значит умереть.",1
"Смертью как опытом поделиться невозможно.",1
"Придёт смерть, и у неё будут твои глаза.",1
"Смерть — это счастье для умирающего человека.",1
"Умереть — значит присоединиться к большинству.",1
"Смерть для того поставлена в конце жизни, чтобы удобнее к ней приготовляться.",1
"Смерть одного человека — это смерть; смерть миллионов — статистика.",1
"Смерть есть то, после чего ничто не интересно.",1
"Смерть — единственная вещь, которая больше слова.",1
"Смерть — это реальность, присутствующая постоянно.",1
"Если бы смерть была благом — боги не были бы бессмертны.",1
"Мёртвые срама не имут.",1
"Бояться смерти — значит думать, что знаешь то, чего не знаешь.",1
"Смерть — не самое большое несчастье.",1
"Страх смерти обратно пропорционален хорошей жизни.",1
"Неизбежны только смерть и налоги.",1
"Человек умирает тогда, когда перестаёт меняться.",1
"Что такое жизнь? Разговоры о смерти.",1
"Смерть стоит того, чтобы жить.",1
"Я научился смотреть на смерть как на долг.",1
"Смерть для человека — ничто.",1
"В беседах с глазу на глаз между близкими друзьями мудрейшие люди часто высказывают слабые суждения.",2
"Все мы испытываем блаженство вдвойне, когда можем разделить его с друзьями.",2
"В бедности настоящие друзья — надежное прибежище.",2
"Друг мне тот, кому всё могу говорить.",2
"В мире мало дружбы.",2
"Не судите о человеке по его друзьям.",2
"Глаза дружбы редко ошибаются.",2
"Друг в беде не бросит.",2
"Друг — это тот, кто ещё не стал врагом.",2
"Беззаветная дружба возможна только между равными доходами.",2
"Бескорыстная дружба возможна только между равными.",2
"Что такое дружба? Иллюзия.",2
"Важные друзья — для важных дел.",2
"Безумен, кто в богатстве забудет друга.",2
"Дружба — не услуга.",2
"Друзья должны быть важны не титулом, а человеком.",2
"Дружба объединяет сильнее, чем любовь.",2
"Всё должно быть общим между друзьями.",2
"Друг познаётся в неверном деле.",2
"Дружбу приобретают, интересуясь другими.",2
"Верный друг познаётся в беде.",2
"Дружба часто оканчивается любовью.",2
"Не ослепляйся дружбой.",2
"Дружба требует времени.",2
"Для преданного друга нельзя сделать слишком много.",2
"Выявит друга время.",2
"В дружбе нет расчёта.",2
"Настоящий друг — не матрац, но положиться можно.",2
"Искренность — вот дружба.",2
"Без товарища счастье не радует.",2
"Без дружбы общение не имеет ценности.",2
"Дружба важнее денег.",2
"Друзья останутся друзьями.",2
"В дружбе нет ни должников, ни благодетелей.",2
"Мудрый друг не бросит друга.",2
"Кто себе друзей не ищет — враг себе.",2
"В дружбе и любви люди счастливы, не зная правды.",2
"Друзья — великие грабители времени.",2
"В радости друзья узнают нас.",2
"Истинная дружба — редкость.",2
"Друг познаётся временем.",2
"В дружбе нет расчётов.",2
"Настоящая дружба — это возможность молчать вместе.",2
"Брат может не быть другом, но друг — брат.",2
"Выбирай друга не спеша.",2
"Лучше быть одному, чем с кем попало дружить.",2
"Величайшее благо — дружба.",2
"Без истинной дружбы жизнь — ничто.",2
"Женщина может стать другом после любви.",2
"Только в молодости есть дружба.",2
"Быть может, чтобы оценить дружбу, нужно пережить любовь.",2
"Истинная дружба требует денег в критических случаях.",2
"Где слабеет дружба — усиливается вежливость.",2
"В дружбе и любви рано или поздно счёты.",2
"Настоящая дружба — это любовь без постели.",2
